{
  "count": 6,
  "value": [
    {
      "id": 414,
      "rev": 1,
      "fields": {
        "System.AreaPath": "WVD-ProjectTemplate",
        "System.TeamProject": "WVD-ProjectTemplate",
        "System.IterationPath": "WVD-ProjectTemplate",
        "System.WorkItemType": "Epic",
        "System.State": "New",
        "System.Reason": "New",
        "System.CreatedDate": "2020-06-18T21:21:41.83Z",
        "System.CreatedBy": "viswanadham kvn <kvn.shp10@outlook.com>",
        "System.ChangedDate": "2020-06-18T21:21:41.83Z",
        "System.ChangedBy": "viswanadham kvn <kvn.shp10@outlook.com>",
        "System.Title": "Milestone 6: File shares Design, Strategy and Deployment",
        "Microsoft.VSTS.Scheduling.Effort": 0.0,
        "System.Description": "Milestone 6: File shares Design, Strategy and Deployment",
        "System.AssignedTo": null,
        "Microsoft.VSTS.Scheduling.RemainingWork": 0.0,
        "Microsoft.VSTS.Common.Priority": 2.0,
        "System.BoardLane": null,
        "System.Tags": null,
        "Microsoft.VSTS.TCM.Steps": null,
        "Microsoft.VSTS.TCM.Parameters": null,
        "Microsoft.VSTS.TCM.LocalDataSource": null,
        "Microsoft.VSTS.TCM.AutomationStatus": null,
        "System.History": null
      },
      "relations": [
        {
          "rel": "System.LinkTypes.Hierarchy-Forward",
          "url": "https://dev.azure.com/kvnshp10/_apis/wit/workItems/420",
          "attributes": {
            "isLocked": "false",
            "comment": "Making a new link for the dependency",
            "name": "Child"
          }
        }
      ],
      "url": "https://dev.azure.com/kvnshp10/_apis/wit/workItems/414"
    },
    {
      "id": 413,
      "rev": 1,
      "fields": {
        "System.AreaPath": "WVD-ProjectTemplate",
        "System.TeamProject": "WVD-ProjectTemplate",
        "System.IterationPath": "WVD-ProjectTemplate",
        "System.WorkItemType": "Epic",
        "System.State": "New",
        "System.Reason": "New",
        "System.CreatedDate": "2020-06-18T21:21:41.39Z",
        "System.CreatedBy": "viswanadham kvn <kvn.shp10@outlook.com>",
        "System.ChangedDate": "2020-06-18T21:21:41.39Z",
        "System.ChangedBy": "viswanadham kvn <kvn.shp10@outlook.com>",
        "System.Title": "Milestone 5: Deploy and Configure FSLogix",
        "Microsoft.VSTS.Scheduling.Effort": 0.0,
        "System.Description": "Milestone 5: Deploy and Configure FSLogix",
        "System.AssignedTo": null,
        "Microsoft.VSTS.Scheduling.RemainingWork": 0.0,
        "Microsoft.VSTS.Common.Priority": 2.0,
        "System.BoardLane": null,
        "System.Tags": null,
        "Microsoft.VSTS.TCM.Steps": null,
        "Microsoft.VSTS.TCM.Parameters": null,
        "Microsoft.VSTS.TCM.LocalDataSource": null,
        "Microsoft.VSTS.TCM.AutomationStatus": null,
        "System.History": null
      },
      "relations": [
        {
          "rel": "System.LinkTypes.Hierarchy-Forward",
          "url": "https://dev.azure.com/kvnshp10/_apis/wit/workItems/419",
          "attributes": {
            "isLocked": "false",
            "comment": "Making a new link for the dependency",
            "name": "Child"
          }
        }
      ],
      "url": "https://dev.azure.com/kvnshp10/_apis/wit/workItems/413"
    },
    {
      "id": 412,
      "rev": 1,
      "fields": {
        "System.AreaPath": "WVD-ProjectTemplate",
        "System.TeamProject": "WVD-ProjectTemplate",
        "System.IterationPath": "WVD-ProjectTemplate",
        "System.WorkItemType": "Epic",
        "System.State": "New",
        "System.Reason": "New",
        "System.CreatedDate": "2020-06-18T21:21:41.11Z",
        "System.CreatedBy": "viswanadham kvn <kvn.shp10@outlook.com>",
        "System.ChangedDate": "2020-06-18T21:21:41.11Z",
        "System.ChangedBy": "viswanadham kvn <kvn.shp10@outlook.com>",
        "System.Title": "Milestone 4: Widnows 10 Image Customization and Deployment",
        "Microsoft.VSTS.Scheduling.Effort": 0.0,
        "System.Description": "Milestone 4: Widnows 10 Image Customization and Deployment",
        "System.AssignedTo": null,
        "Microsoft.VSTS.Scheduling.RemainingWork": 0.0,
        "Microsoft.VSTS.Common.Priority": 2.0,
        "System.BoardLane": null,
        "System.Tags": null,
        "Microsoft.VSTS.TCM.Steps": null,
        "Microsoft.VSTS.TCM.Parameters": null,
        "Microsoft.VSTS.TCM.LocalDataSource": null,
        "Microsoft.VSTS.TCM.AutomationStatus": null,
        "System.History": null
      },
      "relations": [
        {
          "rel": "System.LinkTypes.Hierarchy-Forward",
          "url": "https://dev.azure.com/kvnshp10/_apis/wit/workItems/418",
          "attributes": {
            "isLocked": "false",
            "comment": "Making a new link for the dependency",
            "name": "Child"
          }
        }
      ],
      "url": "https://dev.azure.com/kvnshp10/_apis/wit/workItems/412"
    },
    {
      "id": 411,
      "rev": 1,
      "fields": {
        "System.AreaPath": "WVD-ProjectTemplate",
        "System.TeamProject": "WVD-ProjectTemplate",
        "System.IterationPath": "WVD-ProjectTemplate",
        "System.WorkItemType": "Epic",
        "System.State": "New",
        "System.Reason": "New",
        "System.CreatedDate": "2020-06-18T21:21:40.737Z",
        "System.CreatedBy": "viswanadham kvn <kvn.shp10@outlook.com>",
        "System.ChangedDate": "2020-06-18T21:21:40.737Z",
        "System.ChangedBy": "viswanadham kvn <kvn.shp10@outlook.com>",
        "System.Title": "Milestone 3: Readiness Setup landing zone",
        "Microsoft.VSTS.Scheduling.Effort": 0.0,
        "System.Description": "Milestone 3: Readiness Setup landing zone",
        "System.AssignedTo": null,
        "Microsoft.VSTS.Scheduling.RemainingWork": 0.0,
        "Microsoft.VSTS.Common.Priority": 2.0,
        "System.BoardLane": null,
        "System.Tags": null,
        "Microsoft.VSTS.TCM.Steps": null,
        "Microsoft.VSTS.TCM.Parameters": null,
        "Microsoft.VSTS.TCM.LocalDataSource": null,
        "Microsoft.VSTS.TCM.AutomationStatus": null,
        "System.History": null
      },
      "relations": [
        {
          "rel": "System.LinkTypes.Hierarchy-Forward",
          "url": "https://dev.azure.com/kvnshp10/_apis/wit/workItems/417",
          "attributes": {
            "isLocked": "false",
            "comment": "Making a new link for the dependency",
            "name": "Child"
          }
        }
      ],
      "url": "https://dev.azure.com/kvnshp10/_apis/wit/workItems/411"
    },
    {
      "id": 410,
      "rev": 1,
      "fields": {
        "System.AreaPath": "WVD-ProjectTemplate",
        "System.TeamProject": "WVD-ProjectTemplate",
        "System.IterationPath": "WVD-ProjectTemplate",
        "System.WorkItemType": "Epic",
        "System.State": "New",
        "System.Reason": "New",
        "System.CreatedDate": "2020-06-18T21:21:40.44Z",
        "System.CreatedBy": "viswanadham kvn <kvn.shp10@outlook.com>",
        "System.ChangedDate": "2020-06-18T21:21:40.44Z",
        "System.ChangedBy": "viswanadham kvn <kvn.shp10@outlook.com>",
        "System.Title": "Milestone 2: Validation",
        "Microsoft.VSTS.Scheduling.Effort": 0.0,
        "System.Description": "Milestone 2: Validation",
        "System.AssignedTo": null,
        "Microsoft.VSTS.Scheduling.RemainingWork": 0.0,
        "Microsoft.VSTS.Common.Priority": 2.0,
        "System.BoardLane": null,
        "System.Tags": null,
        "Microsoft.VSTS.TCM.Steps": null,
        "Microsoft.VSTS.TCM.Parameters": null,
        "Microsoft.VSTS.TCM.LocalDataSource": null,
        "Microsoft.VSTS.TCM.AutomationStatus": null,
        "System.History": null
      },
      "relations": [
        {
          "rel": "System.LinkTypes.Hierarchy-Forward",
          "url": "https://dev.azure.com/kvnshp10/_apis/wit/workItems/416",
          "attributes": {
            "isLocked": "false",
            "comment": "Making a new link for the dependency",
            "name": "Child"
          }
        }
      ],
      "url": "https://dev.azure.com/kvnshp10/_apis/wit/workItems/410"
    },
    {
      "id": 409,
      "rev": 1,
      "fields": {
        "System.AreaPath": "WVD-ProjectTemplate",
        "System.TeamProject": "WVD-ProjectTemplate",
        "System.IterationPath": "WVD-ProjectTemplate",
        "System.WorkItemType": "Epic",
        "System.State": "New",
        "System.Reason": "New",
        "System.CreatedDate": "2020-06-18T21:21:40.093Z",
        "System.CreatedBy": "viswanadham kvn <kvn.shp10@outlook.com>",
        "System.ChangedDate": "2020-06-18T21:21:40.093Z",
        "System.ChangedBy": "viswanadham kvn <kvn.shp10@outlook.com>",
        "System.Title": "Milestone 1: Assess and Review",
        "Microsoft.VSTS.Scheduling.Effort": 0.0,
        "System.Description": "Milestone 1: Assess and Review",
        "System.AssignedTo": null,
        "Microsoft.VSTS.Scheduling.RemainingWork": 0.0,
        "Microsoft.VSTS.Common.Priority": 2.0,
        "System.BoardLane": null,
        "System.Tags": null,
        "Microsoft.VSTS.TCM.Steps": null,
        "Microsoft.VSTS.TCM.Parameters": null,
        "Microsoft.VSTS.TCM.LocalDataSource": null,
        "Microsoft.VSTS.TCM.AutomationStatus": null,
        "System.History": null
      },
      "relations": [
        {
          "rel": "System.LinkTypes.Hierarchy-Forward",
          "url": "https://dev.azure.com/kvnshp10/_apis/wit/workItems/415",
          "attributes": {
            "isLocked": "false",
            "comment": "Making a new link for the dependency",
            "name": "Child"
          }
        }
      ],
      "url": "https://dev.azure.com/kvnshp10/_apis/wit/workItems/409"
    }
  ],
  "HttpStatusCode": 0,
  "Message": null
}