{
  "count": 6,
  "value": [
    {
      "id": 420,
      "rev": 1,
      "fields": {
        "System.AreaPath": "WVD-ProjectTemplate",
        "System.TeamProject": "WVD-ProjectTemplate",
        "System.IterationPath": "WVD-ProjectTemplate",
        "System.WorkItemType": "Feature",
        "System.State": "New",
        "System.Reason": "New",
        "System.CreatedDate": "2020-06-18T21:21:44.267Z",
        "System.CreatedBy": "viswanadham kvn <kvn.shp10@outlook.com>",
        "System.ChangedDate": "2020-06-18T21:21:44.267Z",
        "System.ChangedBy": "viswanadham kvn <kvn.shp10@outlook.com>",
        "System.Title": "During this phase vendor will work with customer to extend Customer?s SMB file shares to Azure or connect the Windows Virtual Desktop environment to on-premises infrastructure. Tasks include",
        "Microsoft.VSTS.Scheduling.Effort": 0.0,
        "System.Description": "During this phase vendor will work with customer to extend Customer?s SMB file shares to Azure or connect the Windows Virtual Desktop environment to on-premises infrastructure. Tasks include",
        "System.AssignedTo": null,
        "Microsoft.VSTS.Scheduling.RemainingWork": 0.0,
        "Microsoft.VSTS.Common.Priority": 2.0,
        "System.BoardLane": null,
        "System.Tags": null,
        "Microsoft.VSTS.TCM.Steps": null,
        "Microsoft.VSTS.TCM.Parameters": null,
        "Microsoft.VSTS.TCM.LocalDataSource": null,
        "Microsoft.VSTS.TCM.AutomationStatus": null,
        "System.History": null
      },
      "relations": [
        {
          "rel": "System.LinkTypes.Hierarchy-Forward",
          "url": "https://dev.azure.com/kvnshp10/_apis/wit/workItems/422",
          "attributes": {
            "isLocked": "false",
            "comment": "Making a new link for the dependency",
            "name": "Child"
          }
        },
        {
          "rel": "System.LinkTypes.Hierarchy-Reverse",
          "url": "https://dev.azure.com/kvnshp10/_apis/wit/workItems/414",
          "attributes": {
            "isLocked": "false",
            "comment": "Making a new link for the dependency",
            "name": "Parent"
          }
        },
        {
          "rel": "System.LinkTypes.Hierarchy-Forward",
          "url": "https://dev.azure.com/kvnshp10/_apis/wit/workItems/425",
          "attributes": {
            "isLocked": "false",
            "comment": "Making a new link for the dependency",
            "name": "Child"
          }
        },
        {
          "rel": "System.LinkTypes.Hierarchy-Forward",
          "url": "https://dev.azure.com/kvnshp10/_apis/wit/workItems/424",
          "attributes": {
            "isLocked": "false",
            "comment": "Making a new link for the dependency",
            "name": "Child"
          }
        },
        {
          "rel": "System.LinkTypes.Hierarchy-Forward",
          "url": "https://dev.azure.com/kvnshp10/_apis/wit/workItems/423",
          "attributes": {
            "isLocked": "false",
            "comment": "Making a new link for the dependency",
            "name": "Child"
          }
        }
      ],
      "url": "https://dev.azure.com/kvnshp10/_apis/wit/workItems/420"
    },
    {
      "id": 419,
      "rev": 1,
      "fields": {
        "System.AreaPath": "WVD-ProjectTemplate",
        "System.TeamProject": "WVD-ProjectTemplate",
        "System.IterationPath": "WVD-ProjectTemplate",
        "System.WorkItemType": "Feature",
        "System.State": "New",
        "System.Reason": "New",
        "System.CreatedDate": "2020-06-18T21:21:43.987Z",
        "System.CreatedBy": "viswanadham kvn <kvn.shp10@outlook.com>",
        "System.ChangedDate": "2020-06-18T21:21:43.987Z",
        "System.ChangedBy": "viswanadham kvn <kvn.shp10@outlook.com>",
        "System.Title": "During this phase vendor will work with customer to deploy FXLogix to the Windows Virtual Desktop environment. Tasks include",
        "Microsoft.VSTS.Scheduling.Effort": 0.0,
        "System.Description": "During this phase vendor will work with customer to deploy FXLogix to the Windows Virtual Desktop environment. Tasks include",
        "System.AssignedTo": null,
        "Microsoft.VSTS.Scheduling.RemainingWork": 0.0,
        "Microsoft.VSTS.Common.Priority": 2.0,
        "System.BoardLane": null,
        "System.Tags": null,
        "Microsoft.VSTS.TCM.Steps": null,
        "Microsoft.VSTS.TCM.Parameters": null,
        "Microsoft.VSTS.TCM.LocalDataSource": null,
        "Microsoft.VSTS.TCM.AutomationStatus": null,
        "System.History": null
      },
      "relations": [
        {
          "rel": "System.LinkTypes.Hierarchy-Forward",
          "url": "https://dev.azure.com/kvnshp10/_apis/wit/workItems/427",
          "attributes": {
            "isLocked": "false",
            "comment": "Making a new link for the dependency",
            "name": "Child"
          }
        },
        {
          "rel": "System.LinkTypes.Hierarchy-Reverse",
          "url": "https://dev.azure.com/kvnshp10/_apis/wit/workItems/413",
          "attributes": {
            "isLocked": "false",
            "comment": "Making a new link for the dependency",
            "name": "Parent"
          }
        },
        {
          "rel": "System.LinkTypes.Hierarchy-Forward",
          "url": "https://dev.azure.com/kvnshp10/_apis/wit/workItems/426",
          "attributes": {
            "isLocked": "false",
            "comment": "Making a new link for the dependency",
            "name": "Child"
          }
        },
        {
          "rel": "System.LinkTypes.Hierarchy-Forward",
          "url": "https://dev.azure.com/kvnshp10/_apis/wit/workItems/428",
          "attributes": {
            "isLocked": "false",
            "comment": "Making a new link for the dependency",
            "name": "Child"
          }
        }
      ],
      "url": "https://dev.azure.com/kvnshp10/_apis/wit/workItems/419"
    },
    {
      "id": 418,
      "rev": 1,
      "fields": {
        "System.AreaPath": "WVD-ProjectTemplate",
        "System.TeamProject": "WVD-ProjectTemplate",
        "System.IterationPath": "WVD-ProjectTemplate",
        "System.WorkItemType": "Feature",
        "System.State": "New",
        "System.Reason": "New",
        "System.CreatedDate": "2020-06-18T21:21:43.713Z",
        "System.CreatedBy": "viswanadham kvn <kvn.shp10@outlook.com>",
        "System.ChangedDate": "2020-06-18T21:21:43.713Z",
        "System.ChangedBy": "viswanadham kvn <kvn.shp10@outlook.com>",
        "System.Title": "During this phase vendor will work with customer deploy customized Session Host images for use in the Windows Virtual Desktop environment as defined in Milestone 1 documentation.",
        "Microsoft.VSTS.Scheduling.Effort": 0.0,
        "System.Description": "During this phase vendor will work with customer deploy customized Session Host images for use in the Windows Virtual Desktop environment as defined in Milestone 1 documentation.",
        "System.AssignedTo": null,
        "Microsoft.VSTS.Scheduling.RemainingWork": 0.0,
        "Microsoft.VSTS.Common.Priority": 2.0,
        "System.BoardLane": null,
        "System.Tags": null,
        "Microsoft.VSTS.TCM.Steps": null,
        "Microsoft.VSTS.TCM.Parameters": null,
        "Microsoft.VSTS.TCM.LocalDataSource": null,
        "Microsoft.VSTS.TCM.AutomationStatus": null,
        "System.History": null
      },
      "relations": [
        {
          "rel": "System.LinkTypes.Hierarchy-Forward",
          "url": "https://dev.azure.com/kvnshp10/_apis/wit/workItems/471",
          "attributes": {
            "isLocked": "false",
            "comment": "Making a new link for the dependency",
            "name": "Child"
          }
        },
        {
          "rel": "System.LinkTypes.Hierarchy-Reverse",
          "url": "https://dev.azure.com/kvnshp10/_apis/wit/workItems/412",
          "attributes": {
            "isLocked": "false",
            "comment": "Making a new link for the dependency",
            "name": "Parent"
          }
        }
      ],
      "url": "https://dev.azure.com/kvnshp10/_apis/wit/workItems/418"
    },
    {
      "id": 417,
      "rev": 1,
      "fields": {
        "System.AreaPath": "WVD-ProjectTemplate",
        "System.TeamProject": "WVD-ProjectTemplate",
        "System.IterationPath": "WVD-ProjectTemplate",
        "System.WorkItemType": "Feature",
        "System.State": "New",
        "System.Reason": "New",
        "System.CreatedDate": "2020-06-18T21:21:43.423Z",
        "System.CreatedBy": "viswanadham kvn <kvn.shp10@outlook.com>",
        "System.ChangedDate": "2020-06-18T21:21:43.423Z",
        "System.ChangedBy": "viswanadham kvn <kvn.shp10@outlook.com>",
        "System.Title": "These items are addressed as needed and might have impact to timeline. These items will be addressed as mutually agreed by customer and partner.",
        "Microsoft.VSTS.Scheduling.Effort": 0.0,
        "System.Description": "These items are addressed as needed and might have impact to timeline. These items will be addressed as mutually agreed by customer and partner.",
        "System.AssignedTo": null,
        "Microsoft.VSTS.Scheduling.RemainingWork": 0.0,
        "Microsoft.VSTS.Common.Priority": 2.0,
        "System.BoardLane": null,
        "System.Tags": null,
        "Microsoft.VSTS.TCM.Steps": null,
        "Microsoft.VSTS.TCM.Parameters": null,
        "Microsoft.VSTS.TCM.LocalDataSource": null,
        "Microsoft.VSTS.TCM.AutomationStatus": null,
        "System.History": null
      },
      "relations": [
        {
          "rel": "System.LinkTypes.Hierarchy-Forward",
          "url": "https://dev.azure.com/kvnshp10/_apis/wit/workItems/480",
          "attributes": {
            "isLocked": "false",
            "comment": "Making a new link for the dependency",
            "name": "Child"
          }
        },
        {
          "rel": "System.LinkTypes.Hierarchy-Forward",
          "url": "https://dev.azure.com/kvnshp10/_apis/wit/workItems/475",
          "attributes": {
            "isLocked": "false",
            "comment": "Making a new link for the dependency",
            "name": "Child"
          }
        },
        {
          "rel": "System.LinkTypes.Hierarchy-Forward",
          "url": "https://dev.azure.com/kvnshp10/_apis/wit/workItems/478",
          "attributes": {
            "isLocked": "false",
            "comment": "Making a new link for the dependency",
            "name": "Child"
          }
        },
        {
          "rel": "System.LinkTypes.Hierarchy-Forward",
          "url": "https://dev.azure.com/kvnshp10/_apis/wit/workItems/473",
          "attributes": {
            "isLocked": "false",
            "comment": "Making a new link for the dependency",
            "name": "Child"
          }
        },
        {
          "rel": "System.LinkTypes.Hierarchy-Forward",
          "url": "https://dev.azure.com/kvnshp10/_apis/wit/workItems/477",
          "attributes": {
            "isLocked": "false",
            "comment": "Making a new link for the dependency",
            "name": "Child"
          }
        },
        {
          "rel": "System.LinkTypes.Hierarchy-Forward",
          "url": "https://dev.azure.com/kvnshp10/_apis/wit/workItems/483",
          "attributes": {
            "isLocked": "false",
            "comment": "Making a new link for the dependency",
            "name": "Child"
          }
        },
        {
          "rel": "System.LinkTypes.Hierarchy-Forward",
          "url": "https://dev.azure.com/kvnshp10/_apis/wit/workItems/476",
          "attributes": {
            "isLocked": "false",
            "comment": "Making a new link for the dependency",
            "name": "Child"
          }
        },
        {
          "rel": "System.LinkTypes.Hierarchy-Forward",
          "url": "https://dev.azure.com/kvnshp10/_apis/wit/workItems/472",
          "attributes": {
            "isLocked": "false",
            "comment": "Making a new link for the dependency",
            "name": "Child"
          }
        },
        {
          "rel": "System.LinkTypes.Hierarchy-Forward",
          "url": "https://dev.azure.com/kvnshp10/_apis/wit/workItems/474",
          "attributes": {
            "isLocked": "false",
            "comment": "Making a new link for the dependency",
            "name": "Child"
          }
        },
        {
          "rel": "System.LinkTypes.Hierarchy-Forward",
          "url": "https://dev.azure.com/kvnshp10/_apis/wit/workItems/479",
          "attributes": {
            "isLocked": "false",
            "comment": "Making a new link for the dependency",
            "name": "Child"
          }
        },
        {
          "rel": "System.LinkTypes.Hierarchy-Reverse",
          "url": "https://dev.azure.com/kvnshp10/_apis/wit/workItems/411",
          "attributes": {
            "isLocked": "false",
            "comment": "Making a new link for the dependency",
            "name": "Parent"
          }
        },
        {
          "rel": "System.LinkTypes.Hierarchy-Forward",
          "url": "https://dev.azure.com/kvnshp10/_apis/wit/workItems/481",
          "attributes": {
            "isLocked": "false",
            "comment": "Making a new link for the dependency",
            "name": "Child"
          }
        },
        {
          "rel": "System.LinkTypes.Hierarchy-Forward",
          "url": "https://dev.azure.com/kvnshp10/_apis/wit/workItems/482",
          "attributes": {
            "isLocked": "false",
            "comment": "Making a new link for the dependency",
            "name": "Child"
          }
        }
      ],
      "url": "https://dev.azure.com/kvnshp10/_apis/wit/workItems/417"
    },
    {
      "id": 416,
      "rev": 1,
      "fields": {
        "System.AreaPath": "WVD-ProjectTemplate",
        "System.TeamProject": "WVD-ProjectTemplate",
        "System.IterationPath": "WVD-ProjectTemplate",
        "System.WorkItemType": "Feature",
        "System.State": "New",
        "System.Reason": "New",
        "System.CreatedDate": "2020-06-18T21:21:42.54Z",
        "System.CreatedBy": "viswanadham kvn <kvn.shp10@outlook.com>",
        "System.ChangedDate": "2020-06-18T21:21:42.54Z",
        "System.ChangedBy": "viswanadham kvn <kvn.shp10@outlook.com>",
        "System.Title": "During this phase partner will work with customer to Validate the environment readiness",
        "Microsoft.VSTS.Scheduling.Effort": 0.0,
        "System.Description": "During this phase partner will work with customer to Validate the environment readiness",
        "System.AssignedTo": null,
        "Microsoft.VSTS.Scheduling.RemainingWork": 0.0,
        "Microsoft.VSTS.Common.Priority": 2.0,
        "System.BoardLane": null,
        "System.Tags": null,
        "Microsoft.VSTS.TCM.Steps": null,
        "Microsoft.VSTS.TCM.Parameters": null,
        "Microsoft.VSTS.TCM.LocalDataSource": null,
        "Microsoft.VSTS.TCM.AutomationStatus": null,
        "System.History": null
      },
      "relations": [
        {
          "rel": "System.LinkTypes.Hierarchy-Forward",
          "url": "https://dev.azure.com/kvnshp10/_apis/wit/workItems/485",
          "attributes": {
            "isLocked": "false",
            "comment": "Making a new link for the dependency",
            "name": "Child"
          }
        },
        {
          "rel": "System.LinkTypes.Hierarchy-Reverse",
          "url": "https://dev.azure.com/kvnshp10/_apis/wit/workItems/410",
          "attributes": {
            "isLocked": "false",
            "comment": "Making a new link for the dependency",
            "name": "Parent"
          }
        },
        {
          "rel": "System.LinkTypes.Hierarchy-Forward",
          "url": "https://dev.azure.com/kvnshp10/_apis/wit/workItems/484",
          "attributes": {
            "isLocked": "false",
            "comment": "Making a new link for the dependency",
            "name": "Child"
          }
        },
        {
          "rel": "System.LinkTypes.Hierarchy-Forward",
          "url": "https://dev.azure.com/kvnshp10/_apis/wit/workItems/486",
          "attributes": {
            "isLocked": "false",
            "comment": "Making a new link for the dependency",
            "name": "Child"
          }
        }
      ],
      "url": "https://dev.azure.com/kvnshp10/_apis/wit/workItems/416"
    },
    {
      "id": 415,
      "rev": 1,
      "fields": {
        "System.AreaPath": "WVD-ProjectTemplate",
        "System.TeamProject": "WVD-ProjectTemplate",
        "System.IterationPath": "WVD-ProjectTemplate",
        "System.WorkItemType": "Feature",
        "System.State": "New",
        "System.Reason": "New",
        "System.CreatedDate": "2020-06-18T21:21:42.263Z",
        "System.CreatedBy": "viswanadham kvn <kvn.shp10@outlook.com>",
        "System.ChangedDate": "2020-06-18T21:21:42.263Z",
        "System.ChangedBy": "viswanadham kvn <kvn.shp10@outlook.com>",
        "System.Title": "During this phase partner will work with customer to assess the environment readiness",
        "Microsoft.VSTS.Scheduling.Effort": 0.0,
        "System.Description": "During this phase partner will work with customer to assess the environment readiness",
        "System.AssignedTo": null,
        "Microsoft.VSTS.Scheduling.RemainingWork": 0.0,
        "Microsoft.VSTS.Common.Priority": 2.0,
        "System.BoardLane": null,
        "System.Tags": null,
        "Microsoft.VSTS.TCM.Steps": null,
        "Microsoft.VSTS.TCM.Parameters": null,
        "Microsoft.VSTS.TCM.LocalDataSource": null,
        "Microsoft.VSTS.TCM.AutomationStatus": null,
        "System.History": null
      },
      "relations": [
        {
          "rel": "System.LinkTypes.Hierarchy-Forward",
          "url": "https://dev.azure.com/kvnshp10/_apis/wit/workItems/487",
          "attributes": {
            "isLocked": "false",
            "comment": "Making a new link for the dependency",
            "name": "Child"
          }
        },
        {
          "rel": "System.LinkTypes.Hierarchy-Forward",
          "url": "https://dev.azure.com/kvnshp10/_apis/wit/workItems/489",
          "attributes": {
            "isLocked": "false",
            "comment": "Making a new link for the dependency",
            "name": "Child"
          }
        },
        {
          "rel": "System.LinkTypes.Hierarchy-Reverse",
          "url": "https://dev.azure.com/kvnshp10/_apis/wit/workItems/409",
          "attributes": {
            "isLocked": "false",
            "comment": "Making a new link for the dependency",
            "name": "Parent"
          }
        },
        {
          "rel": "System.LinkTypes.Hierarchy-Forward",
          "url": "https://dev.azure.com/kvnshp10/_apis/wit/workItems/488",
          "attributes": {
            "isLocked": "false",
            "comment": "Making a new link for the dependency",
            "name": "Child"
          }
        },
        {
          "rel": "System.LinkTypes.Hierarchy-Forward",
          "url": "https://dev.azure.com/kvnshp10/_apis/wit/workItems/490",
          "attributes": {
            "isLocked": "false",
            "comment": "Making a new link for the dependency",
            "name": "Child"
          }
        }
      ],
      "url": "https://dev.azure.com/kvnshp10/_apis/wit/workItems/415"
    }
  ],
  "HttpStatusCode": 0,
  "Message": null
}